"LAD23CD","LAD23NM","tph_Sat_Midday_tph_2006_2023_change_pct","tph_Sat_Midday_tph_2023","tph_Sat_Midday_tph_avg_2006_08","tph_Sat_Night_tph_2006_2023_change_pct","tph_Sat_Night_tph_2023","tph_Sat_Night_tph_avg_2006_08","tph_Sun_Midday_tph_2006_2023_change_pct","tph_Sun_Midday_tph_2023","tph_Sun_Midday_tph_avg_2006_08","tph_weekday_Morning_Peak_tph_2006_2023_change_pct","tph_weekday_Morning_Peak_tph_2023","tph_weekday_Morning_Peak_tph_avg_2006_08"
"E06000001","Hartlepool",-0.393967734393266,43.2,71.2833333333333,-0.616,2,5.20833333333333,-0.456342668863262,16.5,30.35,-0.573330740623709,36.57,85.7104166666667
"E06000002","Middlesbrough",-0.808707729745862,55.55,290.393333333333,-0.425587467362924,6.875,11.96875,-0.559954233409611,32.05,72.8333333333333,-0.752003103908759,68.7125,277.07
"E06000003","Redcar and Cleveland",-0.941514134084263,9,153.883333333333,-0.753424657534247,2.25,9.125,-0.829643888354187,5.9,34.6333333333333,-0.850732344435115,22,147.38625
"E06000004","Stockton-on-Tees",-0.629493087557604,53.6,144.666666666667,-0.792935444579781,4.25,20.525,-0.441651031894934,24.8,44.4166666666667,-0.684995291779849,55.615,176.552916666667
"E06000005","Darlington",-0.885374983864722,14.8,129.116666666667,-0.722365038560411,2.25,8.10416666666667,-0.913372582001682,5.15,59.45,-0.656097349481169,39.66,115.323333333333
"E06000006","Halton",-0.60710944808232,70,178.166666666667,-0.625974025974026,4.5,12.03125,-0.288968112497524,35.9,50.49,-0.633760190667146,64.54,176.223333333333
"E06000007","Warrington",-0.708786610878661,81.2,278.833333333333,-0.388133498145859,5.15625,8.42708333333333,-0.136525079733256,47.65,55.184,-0.705782032852777,87.84,298.554166666667
"E06000008","Blackburn with Darwen",-0.594805194805195,52,128.333333333333,-0.536363636363636,3.1875,6.875,-0.378658262044124,27.6,44.42,-0.562321693820291,61.8775,141.376666666667
"E06000009","Blackpool",-0.701634563732638,64.8,217.183333333333,-0.618012422360248,8.96875,23.4791666666667,-0.57186893480991,50,116.786666666667,-0.641217973122939,73.82,205.751666666667
"E06000010","Kingston upon Hull, City of",-0.701915403032721,124.5,417.666666666667,-0.503682719546742,9.125,18.3854166666667,-0.440140845070423,63.6,113.6,-0.7008327888229,119.805,400.461666666667
"E06000011","East Riding of Yorkshire",-0.819409547738693,57.5,318.4,-0.717532467532468,3.625,12.8333333333333,-0.646504320502749,30,84.8666666666667,-0.843498401668927,49.325,315.1725
"E06000012","North East Lincolnshire",-0.462721342031687,57.65,107.3,0.115241635687732,6.25,5.60416666666667,0.195121951219512,19.6,16.4,-0.533151129396462,53.2375,114.035833333333
"E06000013","North Lincolnshire",-0.60874931431706,47.55,121.533333333333,-0.333333333333333,2.25,3.375,-0.303030303030303,4.6,6.6,-0.635089565912325,46.8025,128.2575
"E06000014","York",-0.666759349367441,79.9,239.766666666667,-0.650306748466258,7.125,20.375,-0.797606522882693,25.65,126.733333333333,-0.681073335083574,72.8875,228.54
"E06000015","Derby",-0.632557139346277,199.35,542.533333333333,-0.533427495291902,30.96875,66.375,-0.535126417152887,98,210.81,-0.630465755497277,195.39,528.746666666667
"E06000016","Leicester",-0.522538048343778,355.55,744.666666666667,-0.477211796246649,22.34375,42.7395833333333,-0.364942194852728,145.75,229.506666666667,-0.165158555936682,612.9225,734.178333333333
"E06000017","Rutland",-0.80463368816531,10.4,53.2333333333333,-0.85,0.125,0.833333333333333,,0,0,-0.758700835220201,13.41,55.5741666666667
"E06000018","Nottingham",-0.654510990321487,458.7,1327.68333333333,-0.628496891651865,69.71875,187.666666666667,-0.663869651426765,194.95,579.983333333333,-0.711637443657475,404.2175,1401.76833333333
"E06000019","Herefordshire, County of",-0.707178841309824,46.5,158.8,-0.85,0.75,5,-0.615692554043235,11.2,29.1433333333333,-0.672347312336393,56.0125,170.950833333333
"E06000020","Telford and Wrekin",-0.45553893189358,55.8,102.486666666667,-0.0869565217391304,2.625,2.875,0.681528662420382,26.4,15.7,-0.435696024903828,58.31,103.330833333333
"E06000021","Stoke-on-Trent",-0.819813688374665,70.6,391.816666666667,-0.956030534351145,1.5,34.1145833333333,-0.909065858363186,13.2,145.16,-0.850811027695116,63.21,423.690833333333
"E06000022","Bath and North East Somerset",-0.798656417544086,51.95,258.016666666667,-0.655312658871378,7.0625,20.4895833333333,-0.861188671719186,11.6,83.5666666666667,-0.847883799880182,43.165,283.763333333333
"E06000023","Bristol, City of",-0.452446491770125,324.9,593.366666666667,-0.0736864140674063,46.09375,49.7604166666667,-0.336486552210496,181.9,274.146666666667,-0.539330242996848,305.8375,663.8975
"E06000024","North Somerset",-0.715617185724028,41.7,146.633333333333,-0.117771509167842,13.03125,14.7708333333333,-0.727394807520143,20.3,74.4666666666667,-0.745836231495123,38.6725,152.155833333333
"E06000025","South Gloucestershire",-0.438969102646233,189.75,338.216666666667,1.35238811583302,52.125,22.1583333333333,-0.276851397743992,98.3,135.933333333333,-0.541056593673863,180.05,392.314166666667
"E06000026","Plymouth",-0.580752150205183,124.3,296.483333333333,-0.0753205128205128,18.03125,19.5,-0.312776337856381,60.1,87.4533333333333,-0.519299198911131,151.865,315.924166666667
"E06000027","Torbay",-0.33071930773391,82.5,123.266666666667,-0.194649446494465,9.09375,11.2916666666667,-0.551314142678348,23.9,53.2666666666667,-0.545898753963362,59.555,131.149166666667
"E06000030","Swindon",-0.402873609870931,122.6,205.316666666667,-0.0492610837438424,12.0625,12.6875,-0.129175288205735,49.1,56.3833333333333,-0.495444255009922,120.35,238.526666666667
"E06000031","Peterborough",-0.793835345339402,69.45,336.866666666667,-0.306740027510316,5.25,7.57291666666667,-0.705974842767296,28.05,95.4,-0.796878853267571,65.8925,324.4
"E06000032","Luton",-0.458479943701619,153.9,284.2,-0.588054187192118,20.90625,50.75,-0.408724597056762,56.25,95.1333333333333,-0.436343282567706,161.2625,286.100555555556
"E06000033","Southend-on-Sea",-0.518910741301059,84.8,176.266666666667,-0.427331887201735,5.5,9.60416666666667,-0.282340862422998,46.6,64.9333333333333,-0.574910100913357,81.37,191.418333333333
"E06000034","Thurrock",-0.385792349726776,56.2,91.5,-0.106060606060606,7.375,8.25,0.25,35,28,-0.338215951643392,76.73,115.944166666667
"E06000035","Medway",-0.328690061612644,125.3,186.65,-0.0981308411214953,6.03125,6.6875,0.494320230796971,55.25,36.9733333333333,-0.458512575752818,114.965,212.313333333333
"E06000036","Bracknell Forest",-0.645059786028949,37.6,105.933333333333,1.4375,3.65625,1.5,-0.415467625899281,16.25,27.8,-0.699960067534906,35.69,118.950833333333
"E06000037","West Berkshire",-0.784731238639314,41.45,192.55,-0.709125475285171,4.78125,16.4375,-0.755555555555556,17.05,69.75,-0.815723938836368,38.725,210.146666666667
"E06000038","Reading",-0.657933042212518,117.5,343.5,-0.142384105960265,24.28125,28.3125,-0.288346141699126,67.6,94.99,-0.729217478611919,107.8775,398.391666666667
"E06000039","Slough",-0.687587168758717,44.8,143.4,-0.175652173913043,9.875,11.9791666666667,-0.627759451915757,24.45,65.6833333333333,-0.693812174865383,55.915,182.616666666667
"E06000040","Windsor and Maidenhead",-0.662861220121299,31.5,93.4333333333333,-0.0921052631578948,5.03125,5.54166666666667,-0.544935805991441,15.95,35.05,-0.664942355424621,36.11,107.7725
"E06000041","Wokingham",-0.759525296689569,38.5,160.1,-0.245283018867925,5,6.625,-0.447570332480818,14.4,26.0666666666667,-0.751449415714378,48.1225,193.6125
"E06000042","Milton Keynes",-0.614567683779723,99.2,257.373333333333,-0.667659804983749,12.78125,38.4583333333333,-0.719781146358373,49.85,177.896666666667,-0.655307271379686,91.075,264.220833333333
"E06000043","Brighton and Hove",-0.36400486420754,235.35,370.05,0.247248094834886,46.03125,36.90625,-0.0865780606514415,162.65,178.066666666667,-0.382019825671631,218.6625,353.834166666667
"E06000044","Portsmouth",-0.578217821782178,85.2,202,0.224,11.15625,9.11458333333333,-0.534171678512849,42.6,91.45,-0.665129758458893,78.8625,235.501666666667
"E06000045","Southampton",-0.585331452750353,127.4,307.233333333333,-0.394736842105263,15.8125,26.125,-0.442074019107689,80.2,143.746666666667,-0.252243254171208,232.71,311.210833333333
"E06000046","Isle of Wight",-0.354416167664671,57.5,89.0666666666667,-0.331719128329298,11.5,17.2083333333333,-0.0850918992511914,44.8,48.9666666666667,-0.335393103448276,60.23,90.625
"E06000047","County Durham",-0.985639061752034,5,348.166666666667,-0.713214620431115,6.375,22.2291666666667,-0.998647765432377,0.2,147.903333333333,-0.834261226460647,114.415,690.333333333333
"E06000049","Cheshire East",-0.600998929718159,93.2,233.583333333333,-0.667095529109038,4.3125,12.9541666666667,-0.8830590273481,12.6,107.746666666667,-0.613798060821904,78.8,204.038333333333
"E06000050","Cheshire West and Chester",-0.354234643211803,227.6,352.45,0.00348432055749124,12,11.9583333333333,0.00215210304775763,105.55,105.323333333333,-0.328412745631809,199.42,296.938333333333
"E06000051","Shropshire",-0.543251231527094,115.9,253.75,-0.501628664495114,1.59375,3.19791666666667,-0.46054469273743,10.3,19.0933333333333,-0.534622358839101,119.9825,257.8175
"E06000052","Cornwall",-0.352158634538152,129.05,199.2,-0.109565217391304,16,17.96875,-0.366720670923473,44.3,69.9533333333333,-0.41685283723953,143.565,246.19
"E06000054","Wiltshire",-0.533808586476565,146.05,313.283333333333,-0.444007155635063,8.09375,14.5572916666667,-0.192714897907739,42.7,52.8933333333333,-0.563981385797126,165.6075,379.8175
"E06000055","Bedford",-0.554607508532423,87,195.333333333333,-0.0349056603773584,10.65625,11.0416666666667,-0.388546430701929,30.75,50.29,-0.522328940617611,83.21,174.199375
"E06000056","Central Bedfordshire",-0.387503666764447,139.2,227.266666666667,0.432075471698113,15.8125,11.0416666666667,0.0011286681715575,44.35,44.3,-0.370173560188226,145.835,231.547916666667
"E06000057","Northumberland",-0.967353951890034,11.4,349.2,-0.919293820933165,2,24.78125,-0.952913038603834,4.2,89.1966666666667,-0.921334088794689,28.115,357.3975
"E06000058","Bournemouth, Christchurch and Poole",-0.621015208374481,159.9,421.916666666667,-0.570240295748614,14.53125,33.8125,-0.511312759833706,81.5,166.773333333333,-0.569101852944648,185.5925,430.710833333333
"E06000059","Dorset",-0.617105917454003,77,201.1,-0.558620689655172,4,9.0625,-0.531614785992218,32.1,68.5333333333333,-0.618818164217953,88.6,232.435
"E06000060","Buckinghamshire",-0.518446852425181,186.65,387.6,-0.397670549084859,11.3125,18.78125,-0.500827227605767,70.4,141.033333333333,-0.488486842105263,219.255,428.64
"E06000061","North Northamptonshire",-0.500926268988514,89.8,179.933333333333,-0.116279069767442,9.5,10.75,-0.491727648743239,21.3,41.9066666666667,-0.690926806790855,53.66,173.615833333333
"E06000062","West Northamptonshire",-0.565198524625732,133.6,307.266666666667,0,17.375,17.375,-0.203222918531782,71.2,89.36,-0.591453864837247,132.6025,324.571666666667
"E06000063","Cumberland",-0.5113675725037,103.45,211.713333333333,-0.432547169811321,12.53125,22.0833333333333,-0.154347281383112,45,53.2133333333333,-0.511443295938039,96.9325,198.405833333333
"E06000064","Westmorland and Furness",-0.308963035655872,84.5,122.28,-0.654676258992806,3,8.6875,-0.0661365399534523,32.1,34.3733333333333,-0.388278341167922,79.2725,129.589166666667
"E06000065","North Yorkshire",-0.588686868686869,203.6,495,-0.724820143884892,7.96875,28.9583333333333,-0.611984282907662,79,203.6,-0.541087963970047,219.755,478.860833333333
"E06000066","Somerset",-0.73561915556815,62.2,235.266666666667,-0.360894941634241,6.84375,10.7083333333333,-0.832116788321168,9.2,54.8,-0.756353677440252,70.2075,288.153333333333
"E07000008","Cambridge",-0.33747648481591,164.35,248.066666666667,-0.135526315789474,13.6875,15.8333333333333,-0.0689655172413793,100.8,108.266666666667,-0.421943423012107,152.355,263.564166666667
"E07000009","East Cambridgeshire",-0.148434322895486,34.9,40.9833333333333,-0.189655172413793,2.9375,3.625,-1,0,4.26666666666667,-0.486217133163698,24.23,47.16
"E07000010","Fenland",-0.867167919799499,21.2,159.6,-0.783950617283951,1.09375,5.0625,-0.808088235294118,5.8,30.2222222222222,-0.764039462272333,25.3925,107.613333333333
"E07000011","Huntingdonshire",-0.73546282757845,39.2,148.183333333333,-0.0264550264550265,5.75,5.90625,-0.79384985397698,16,77.6133333333333,-0.741149392688261,39.55,152.790833333333
"E07000012","South Cambridgeshire",-0.279220779220779,125.8,174.533333333333,0.483333333333333,11.125,7.5,0.45968882602546,68.8,47.1333333333333,-0.401282304371336,116.26,194.181666666667
"E07000032","Amber Valley",-0.715189873417722,78.75,276.5,-0.647012578616352,14.03125,39.75,-0.703280865854692,35,117.956666666667,-0.758280718333487,63.52,262.784166666667
"E07000033","Bolsover",-0.78088630259624,48.95,223.4,-0.680434782608696,6.125,19.1666666666667,-0.712575496117343,26.65,92.72,-0.781119923668674,45.88,209.6125
"E07000034","Chesterfield",-0.714487589088228,77.45,271.266666666667,-0.720840480274443,6.78125,24.2916666666667,-0.619453522455443,37.65,98.9366666666667,-0.689913633559531,75.3975,243.15
"E07000035","Derbyshire Dales",-0.563871315116436,54,123.816666666667,-0.569060773480663,3.25,7.54166666666667,-0.621019584392286,25.35,66.89,-0.54936962714116,58.7975,130.478333333333
"E07000036","Erewash",-0.749725274725275,91.1,364,-0.668789808917197,19.5,58.875,-0.69014401440144,45.9,148.133333333333,-0.814459245659322,76.13,410.314166666667
"E07000037","High Peak",-0.71231543079669,59.1,205.433333333333,-0.759677419354839,4.65625,19.375,-0.770436145207626,29.3,127.633333333333,-0.732466148359681,48.95,182.9675
"E07000038","North East Derbyshire",-0.678753763581621,81.8,254.633333333333,-0.668965517241379,6,18.125,-0.567922998272397,40.85,94.5433333333333,-0.695469157065491,81.63,268.051666666667
"E07000039","South Derbyshire",-0.760405968706579,66.1,275.883333333333,-0.635316985645933,8.46875,23.2222222222222,-0.681506849315069,27.9,87.6,-0.745764621562325,67.6925,266.259166666667
"E07000040","East Devon",0.0580885285125613,79.6,75.23,0.847551741544674,7.625,4.12708333333333,0.0435454779695954,27,25.8733333333333,-0.115538199111433,75.4,85.2495833333333
"E07000041","Exeter",-0.374120150597479,127.45,203.633333333333,-0.0690789473684211,17.6875,19,-0.522990088105727,34.65,72.64,-0.418019035014305,124.59,214.079166666667
"E07000042","Mid Devon",-0.159442724458204,36.2,43.0666666666667,0.347593582887701,3.9375,2.921875,-0.309078771695594,6.9,9.98666666666667,-0.379229364181961,35.685,57.485
"E07000043","North Devon",-0.374384236453202,38.1,60.9,-0.00404858299595136,2.5625,2.57291666666667,0.10091743119266,11.2,10.1733333333333,-0.395382395382395,39.805,65.835
"E07000044","South Hams",-0.269909315746084,73.8,101.083333333333,-0.273333333333333,6.8125,9.375,0.182758620689655,34.3,29,-0.383048026287469,71.66,116.151666666667
"E07000045","Teignbridge",-0.333333333333333,62.7,94.05,-0.0581778265642152,8.9375,9.48958333333333,-0.516129032258064,19,39.2666666666667,-0.398853146133868,58.445,97.2225
"E07000046","Torridge",-0.334,22.2,33.3333333333333,0.165714285714286,2.125,1.82291666666667,-0.164648910411622,4.6,5.50666666666667,-0.309223080417992,25.34,36.6833333333333
"E07000047","West Devon",-0.456681350954479,22.2,40.86,-0.428571428571429,1.5,2.625,-0.205548549810845,4.2,5.28666666666667,-0.458177722449463,22.85,42.1725
"E07000061","Eastbourne",-0.121438580102756,62.7,71.3666666666667,0.0344827586206897,3.75,3.625,0.172307692307692,38.1,32.5,-0.424857886679863,49.155,85.4658333333334
"E07000062","Hastings",-0.205958178172443,46.2,58.1833333333333,-0.289473684210526,1.6875,2.375,0.569620253164557,24.8,15.8,-0.289539587748025,46.1,64.8875
"E07000063","Lewes",-0.197076023391813,68.65,85.5,-0.486772486772487,12.125,23.625,0.0223015165031223,38.2,37.3666666666667,-0.262406713209753,71.49,96.9233333333333
"E07000064","Rother",-0.100533807829181,33.7,37.4666666666667,0.326923076923077,1.4375,1.08333333333333,0.379310344827586,12,8.7,-0.289430842404316,37.1,52.2116666666667
"E07000065","Wealden",-0.272078990674712,66.35,91.15,-0.219178082191781,3.5625,4.5625,0.118549648162627,38.15,34.1066666666667,-0.37138005923001,66.3325,105.520833333333
"E07000066","Basildon",-0.183571428571428,76.2,93.3333333333333,1.37735849056604,7.875,3.3125,0.430517711171662,42,29.36,-0.331783627568009,79.77,119.3775
"E07000067","Braintree",-0.361352897289232,42.8,67.0166666666667,-0.276102088167053,3.25,4.48958333333333,0.408018867924528,19.9,14.1333333333333,-0.358298115725589,50.4875,78.6775
"E07000068","Brentwood",-0.361111111111111,23,36,-0.397683397683398,1.625,2.69791666666667,0.0510948905109487,9.6,9.13333333333333,-0.362419700214133,31.76,49.8133333333333
"E07000069","Castle Point",-0.551333872271625,37,82.4666666666667,-0.190361445783133,3.5,4.32291666666667,-0.307515337423313,15.05,21.7333333333333,-0.626947660000561,33.22,89.0491666666667
"E07000070","Chelmsford",-0.14936247723133,93.4,109.8,0.352727272727273,7.75,5.72916666666667,0.190852625635234,35.15,29.5166666666667,-0.235387045813586,94.38,123.435
"E07000071","Colchester",-0.111195158850227,117.5,132.2,-0.451219512195122,4.6875,8.54166666666667,0.4,46.2,33,-0.235536668006662,110.93,145.108333333333
"E07000072","Epping Forest",-0.466165413533835,85.2,159.6,-0.393633148054573,12.5,20.6145833333333,-0.348348348348348,43.4,66.6,-0.406292885071383,109.96,185.209166666667
"E07000073","Harlow",-0.574184657785944,46.35,108.85,-0.490506329113924,5.03125,9.875,-0.0451388888888889,13.75,14.4,-0.51331088152995,56.9625,117.040833333333
"E07000074","Maldon",-0.194762684124386,16.4,20.3666666666667,-0.526315789473684,0.375,0.791666666666667,-0.277777777777778,1.3,1.8,-0.0305745324224438,21.64,22.3225
"E07000075","Rochford",-0.590361445783133,40.8,99.6,-0.527093596059113,4,8.45833333333333,-0.525735294117647,21.5,45.3333333333333,-0.626661135720529,42,112.498333333333
"E07000076","Tendring",-0.362353647553287,35.4,55.5166666666667,-0.189516129032258,2.09375,2.58333333333333,0.0654506437768241,16.55,15.5333333333333,-0.410814467035372,37.02,62.8325
"E07000077","Uttlesford",-0.627649168568634,57.1,153.35,-0.61415900131406,24.46875,63.4166666666667,-0.634241245136187,37.6,102.8,-0.641323041644486,58.395,162.806666666667
"E07000078","Cheltenham",-0.184995146304257,97.95,120.183333333333,-0.0560747663551402,9.46875,10.03125,0.0511111111111112,47.3,45,-0.302218949299023,83.7,119.951666666667
"E07000079","Cotswold",-0.726681127982647,16.8,61.4666666666667,-0.5625,1.3125,3,-0.525862068965517,4.4,9.28,-0.563398754040002,31.07,71.1633333333333
"E07000080","Forest of Dean",-0.752321981424149,20,80.75,-0.488372093023256,1.375,2.6875,-0.520865533230294,6.2,12.94,-0.692434621188271,23.61,76.7641666666667
"E07000081","Gloucester",-0.38782412626832,99.55,162.616666666667,-0.164948453608247,10.125,12.125,0.216948417858691,56.15,46.14,-0.467072972378228,92.835,174.198333333333
"E07000082","Stroud",-0.177094379639449,38.8,47.15,2.13333333333333,2.9375,0.9375,2.50554675118859,15.8,4.50714285714286,-0.364711043946669,43.44,68.3783333333333
"E07000083","Tewkesbury",-0.386568338822981,70.15,114.356666666667,0.0263157894736842,6.90625,6.72916666666667,0.241309710697466,36.9,29.7266666666667,-0.439127767746676,67.4325,120.227916666667
"E07000084","Basingstoke and Deane",-0.516849816849817,65.95,136.5,-0.157079646017699,3.96875,4.70833333333333,0.108043217286915,46.15,41.65,-0.552193394604754,65.1275,145.436666666667
"E07000085","East Hampshire",-0.725534539473684,22.25,81.0666666666667,-0.407258064516129,1.53125,2.58333333333333,-0.804347826086956,4.8,24.5333333333333,-0.71863777392324,28.7925,102.3325
"E07000086","Eastleigh",-0.662258509659614,48.95,144.933333333333,-0.614767255216693,5,12.9791666666667,-0.586510263929619,28.2,68.2,-0.638961377870564,55.34,153.28
"E07000087","Fareham",-0.862549800796813,11.5,83.6666666666667,-0.636363636363636,1.5,4.125,0.0730478589420654,28.4,26.4666666666667,-0.911121577590068,9.5925,107.928333333333
"E07000088","Gosport",-0.446327683615819,19.6,35.4,-0.823529411764706,0.375,2.125,0.18421052631579,18,15.2,-0.925807527113691,3.1525,42.4908333333333
"E07000089","Hart",-0.87027027027027,12,92.5,0.5,0.25,0.166666666666667,-0.764462809917355,2.85,12.1,-0.883819039689148,10.465,90.075
"E07000090","Havant",-0.407230730605072,78.7,132.766666666667,-0.12719298245614,6.21875,7.125,-0.297872340425532,35.2,50.1333333333333,-0.652689437385489,58.29,167.8325
"E07000091","New Forest",-0.722293648752893,36,129.633333333333,-0.769061583577713,3.28125,14.2083333333333,-0.649385675756668,15.6,44.4933333333333,-0.692252534871996,45.78,148.758333333333
"E07000092","Rushmoor",-0.817294183759483,43.35,237.266666666667,-0.178571428571429,2.875,3.5,-0.402899824253076,22.65,37.9333333333333,-0.832799379153898,42.0125,251.27
"E07000093","Test Valley",-0.453416149068323,57.2,104.65,-0.19926873857404,4.5625,5.69791666666667,0.428044280442804,25.8,18.0666666666667,-0.441184704103914,66.54,119.073333333333
"E07000094","Winchester",-0.356291997556506,70.25,109.133333333333,-0.288461538461538,4.625,6.5,-0.0940325497287523,33.4,36.8666666666667,-0.392449643695679,73.7475,121.385
"E07000095","Broxbourne",-0.532937627712367,64,137.026666666667,-0.579183120174456,14.875,35.3479166666667,-0.595641646489104,33.4,82.6,-0.549996718657712,68.57,152.376666666667
"E07000096","Dacorum",-0.454454454454455,54.5,99.9,-0.779205607476635,1.96875,8.91666666666667,-0.42177191328935,20.45,35.3666666666667,-0.508325404376784,62.01,126.12
"E07000098","Hertsmere",-0.431779350744447,77.6,136.566666666667,-0.388990825688073,13.875,22.7083333333333,-0.405504587155963,43.2,72.6666666666667,-0.448507175454995,100.3,181.87
"E07000099","North Hertfordshire",-0.450907590759076,66.55,121.2,-0.293165467625899,4.09375,5.79166666666667,-0.348167539267016,16.6,25.4666666666667,-0.553110185836082,61.9825,138.6975
"E07000102","Three Rivers",-0.605263157894737,38.5,97.5333333333333,-0.632,2.875,7.8125,-0.532467532467533,19.2,41.0666666666667,-0.545060379116351,52.9,116.279166666667
"E07000103","Watford",-0.579885877318117,58.9,140.2,-0.6025,6.625,16.6666666666667,-0.590909090909091,29.4,71.8666666666667,-0.572940396056915,69.2075,162.055833333333
"E07000105","Ashford",-0.133757961783439,51,58.875,0.894736842105263,2.25,1.1875,1.82589285714286,21.1,7.46666666666667,-0.0659187718780313,55.37,59.2775
"E07000106","Canterbury",-0.0127428452057655,118.15,119.675,0.433467741935484,7.40625,5.16666666666667,0.399122807017544,47.85,34.2,-0.0968448644724417,117.1475,129.709166666667
"E07000107","Dartford",-0.465269086357947,85.45,159.8,-0.306916426512968,15.03125,21.6875,-0.353467729802919,57.3,88.6266666666667,-0.515856318649406,93.775,193.6925
"E07000108","Dover",-0.249047013977128,49.25,65.5833333333333,-0.359615384615385,3.46875,5.41666666666667,0.279683377308707,24.25,18.95,-0.208731808731809,52.3325,66.1375
"E07000109","Gravesham",-0.273431448489543,46.9,64.55,0.21551724137931,4.40625,3.625,0.839733542319749,31.3,17.0133333333333,-0.425857696041082,45.84,79.8408333333334
"E07000110","Maidstone",-0.3891151425398,82.5,135.05,0.193181818181818,3.28125,2.75,0.811384770042724,48.05,26.5266666666667,-0.440609241758898,85.88,153.524166666667
"E07000111","Sevenoaks",-0.506646971935007,33.4,67.7,-0.435567010309278,4.5625,8.08333333333333,-0.466246441642944,17.5,32.7866666666667,-0.53913406559696,45.07,97.7941666666667
"E07000112","Folkestone and Hythe",0.126436781609195,51.45,45.675,-0.0238095238095238,2.5625,2.625,0.386627906976744,23.85,17.2,0.0180589462111782,52.475,51.5441666666667
"E07000113","Swale",-0.350402340892465,22.2,34.175,-0.4,0.125,0.208333333333333,-0.262295081967213,3,4.06666666666667,-0.458297992649138,28.74,53.055
"E07000114","Thanet",-0.152834008097166,41.85,49.4,0.127659574468085,3.3125,2.9375,1.05057803468208,23.65,11.5333333333333,-0.377855957517425,39.0525,62.7708333333333
"E07000115","Tonbridge and Malling",-0.337868480725624,51.1,77.175,-0.535714285714286,1.21875,2.625,1.41540785498489,26.65,11.0333333333333,-0.444374168502323,63.69,114.6275
"E07000116","Tunbridge Wells",-0.41073512252042,50.5,85.7,-0.523255813953488,1.28125,2.6875,-0.0222984562607204,19,19.4333333333333,-0.364464053454388,62.3,98.0275
"E07000117","Burnley",-0.494812164579606,70.6,139.75,-0.464589235127479,5.90625,11.03125,-0.246042216358839,38.1,50.5333333333333,-0.57014929798811,72.4825,168.6225
"E07000118","Chorley",-0.538206896551724,55.8,120.833333333333,0.123404255319149,5.5,4.89583333333333,-0.348159509202454,25.5,39.12,-0.587619424265762,66.04,160.143333333333
"E07000119","Fylde",-0.774017846795689,32.5,143.816666666667,-0.485239852398524,4.84375,9.40972222222222,-0.692327497425335,23.9,77.68,-0.671916331929068,44.65,136.093333333333
"E07000120","Hyndburn",-0.666500249625562,33.4,100.15,-0.433333333333333,2.125,3.75,-0.4,17.6,29.3333333333333,-0.655218899286696,43.905,127.341666666667
"E07000121","Lancaster",-0.100739697076435,85.1,94.6333333333333,-0.236126969627769,6.96875,9.12291666666667,0.030995411555389,36.7,35.5966666666667,-0.235388860099999,90.99,119.001666666667
"E07000122","Pendle",-0.64311377245509,29.8,83.5,-0.593679458239278,1.875,4.61458333333333,-0.468181818181818,15.6,29.3333333333333,-0.616624225966191,34,88.6858333333333
"E07000123","Preston",-0.502985817367504,159.8,321.52,-0.378658262044124,14.375,23.1354166666667,-0.404423420476562,78.9,132.476666666667,-0.472980018728389,169.31,321.259166666667
"E07000124","Ribble Valley",-0.203915171288744,48.8,61.3,-0.312320916905444,2.5,3.63541666666667,-0.106047326906223,20.4,22.82,-0.150748492853756,62.6875,73.815
"E07000125","Rossendale",-0.716463414634146,31,109.333333333333,-0.228571428571429,2.25,2.91666666666667,-0.636913767019667,16,44.0666666666667,-0.752107859256823,31.41,126.708333333333
"E07000126","South Ribble",-0.369969040247678,81.4,129.2,0.252747252747253,7.125,5.6875,-0.198500677884999,33.5,41.7966666666667,-0.388496016793131,88.85,145.2975
"E07000127","West Lancashire",-0.661774982529699,48.4,143.1,-0.651972157772622,3.125,8.97916666666667,-0.626865671641791,15,40.2,-0.660382616593814,54.84,161.475833333333
"E07000128","Wyre",-0.730292040465738,47.1,174.633333333333,-0.631406505967704,5.46875,14.8368055555556,-0.675363848880175,28.7,88.4066666666667,-0.637860928576102,64.57,178.301666666667
"E07000129","Blaby",-0.719259341390398,84.4,300.633333333333,-0.434300341296928,6.90625,12.2083333333333,-0.423483779971791,38.15,66.1733333333333,-0.602993230519867,111.0375,279.686666666667
"E07000130","Charnwood",-0.664210661199385,87.35,260.133333333333,-0.62079401815916,8.875,23.4041666666667,-0.813784246575342,14.5,77.8666666666667,-0.539505015705745,121.19,263.173333333333
"E07000131","Harborough",-0.647337070777856,33.55,95.1333333333333,-0.31063829787234,1.6875,2.44791666666667,-0.593933463796477,8.3,20.44,-0.684075723830735,28.37,89.8
"E07000132","Hinckley and Bosworth",-0.704793689320388,48.65,164.8,-0.644469525959368,3.28125,9.22916666666667,-0.640228426395939,9.45,26.2666666666667,-0.7001241586617,45.89,153.03
"E07000133","Melton",-0.77377461248429,18,79.5666666666667,-0.907692307692308,0.25,2.70833333333333,-0.94,0.2,3.33333333333333,-0.777539976151894,18.19,81.7675
"E07000134","North West Leicestershire",-0.788053365676167,46.6,219.866666666667,-0.769496734537073,12.5,54.2291666666667,-0.8246875,18.7,106.666666666667,-0.786979821419755,46.74,219.415833333333
"E07000135","Oadby and Wigston",-0.690499040307102,32.25,104.2,-0.716569767441861,2.03125,7.16666666666667,-0.724699828473413,10.7,38.8666666666667,-0.680006486135885,32.89,102.783333333333
"E07000136","Boston",-0.399501661129568,12.05,20.0666666666667,1.36538461538462,1.28125,0.541666666666667,-0.818181818181818,0.4,2.2,-0.100477126017401,24.0375,26.7225
"E07000137","East Lindsey",-0.31066436312235,73.15,106.116666666667,0.558823529411765,3.3125,2.125,-0.362541073384447,19.4,30.4333333333333,-0.258852903752431,77.1775,104.1325
"E07000138","Lincoln",-0.189301840916985,77.8,95.9666666666667,-0.150442477876106,4,4.70833333333333,0.62109375,16.6,10.24,-0.272636855825145,75.57,103.895833333333
"E07000139","North Kesteven",0.100704225352113,52.1,47.3333333333333,-0.0625000000000001,2.1875,2.33333333333333,1.45192307692308,10.2,4.16,-0.113240658109881,61.69,69.5679166666667
"E07000140","South Holland",-0.597727272727273,20.65,51.3333333333333,0.125,0.375,0.333333333333333,-0.628099173553719,3,8.06666666666667,-0.509367801757655,27.8675,56.7991666666667
"E07000141","South Kesteven",-0.594392523364486,43.4,107,0.5,0.375,0.25,-0.777448071216617,3,13.48,-0.581237189689499,59.42,141.894166666667
"E07000142","West Lindsey",-0.503111273792094,45.25,91.0666666666667,-0.283582089552239,2,2.79166666666667,3,1.6,0.4,-0.526992307692308,51.2425,108.333333333333
"E07000143","Breckland",-0.652372262773723,38.1,109.6,-0.721105527638191,2.3125,8.29166666666667,-0.475,18.55,35.3333333333333,-0.553077334662435,50.8125,113.694166666667
"E07000144","Broadland",-0.804676166908439,38.15,195.316666666667,-0.740498034076016,2.0625,7.94791666666667,-0.726907630522088,13.6,49.8,-0.792808687694006,36.6,176.648333333333
"E07000145","Great Yarmouth",-0.864347091139597,16.05,118.316666666667,-0.811074918566775,1.8125,9.59375,-0.888491779842745,5.2,46.6333333333333,-0.913641380544701,9.65,111.743333333333
"E07000146","King's Lynn and West Norfolk",-0.708609271523179,46.2,158.55,-0.914853358561968,0.9375,11.0104166666667,-0.0232074818150331,47,48.1166666666667,-0.533917013697256,77.4125,166.091666666667
"E07000147","North Norfolk",-0.106304079110012,24.1,26.9666666666667,-0.25,0.875,1.16666666666667,1.78181818181818,30.6,11,-0.0129814199581641,40.1075,40.635
"E07000148","Norwich",-0.764060497308382,76.7,325.083333333333,-0.798004987531172,3.375,16.7083333333333,-0.552089831565814,35.9,80.15,-0.78541383728027,65.045,303.118333333333
"E07000149","South Norfolk",-0.737164807564453,59.3,225.616666666667,-0.823717948717949,1.71875,9.75,-0.566275167785235,25.85,59.6,-0.721950250616317,59.495,213.9725
"E07000170","Ashfield",-0.787451533309834,60.3,283.7,-0.73268156424581,9.96875,37.2916666666667,-0.764697569248163,22.2,94.3466666666667,-0.784593281385627,53.975,250.5725
"E07000171","Bassetlaw",-0.698760330578513,48.6,161.333333333333,-0.707142857142857,5.125,17.5,-0.709944751381215,14,48.2666666666667,-0.707513484006991,48.67,166.400833333333
"E07000172","Broxtowe",-0.802921195652174,96.7,490.666666666667,-0.756965944272446,19.625,80.75,-0.806302521008403,46.1,238,-0.848530910083984,84.12,555.360833333333
"E07000173","Gedling",-0.604367912641747,125.6,317.466666666667,-0.579633740288568,15.78125,37.5416666666667,-0.644174564440157,41.8,117.473333333333,-0.681334097628673,105.625,331.46
"E07000174","Mansfield",-0.646010186757216,90.35,255.233333333333,-0.626943005181347,12,32.1666666666667,-0.698167445203018,28,92.7666666666667,-0.670755157908793,82.185,249.616666666667
"E07000175","Newark and Sherwood",-0.545216453551071,49.2,108.183333333333,-0.443820224719101,4.125,7.41666666666667,-0.489457831325301,11.3,22.1333333333333,-0.535770516553435,53.81,115.9125
"E07000176","Rushcliffe",-0.737267667751759,83.4,317.433333333333,-0.717451523545706,10.625,37.6041666666667,-0.6875808538163,32.2,103.066666666667,-0.739018242918867,86.98,333.28
"E07000177","Cherwell",-0.554338063589007,82.7,185.566666666667,-0.139013452914798,12,13.9375,-0.559355227478156,39,88.5066666666667,-0.618967899869704,80.42,211.058333333333
"E07000178","Oxford",-0.382402806197018,264.1,427.625,-0.1497277676951,58.5625,68.875,-0.264450442265038,183.5,249.473333333333,-0.361417266699936,261.2575,409.120833333333
"E07000179","South Oxfordshire",-0.2275664034458,107.6,139.3,-0.0573913043478261,16.9375,17.96875,-0.0549222797927461,60.8,64.3333333333333,-0.129456875815485,122.5975,140.82875
"E07000180","Vale of White Horse",-0.04008971124194,85.6,89.175,0.9,16.625,8.75,0.505016722408027,51,33.8866666666667,0.0734742035825377,100.08,93.23
"E07000181","West Oxfordshire",-0.148895292987512,44.3,52.05,1.44,7.625,3.125,1.07612456747405,24,11.56,-0.246991404011461,43.8,58.1666666666667
"E07000192","Cannock Chase",-0.660455486542443,32.8,96.6,-0.715789473684211,1.125,3.95833333333333,-0.675516224188791,4.4,13.56,-0.625236206397576,36.69,97.9016666666667
"E07000193","East Staffordshire",-0.68359853121175,77.55,245.1,-0.190184049079755,8.25,10.1875,-0.275733774286895,29.2,40.3166666666667,-0.63801038470616,81.8,225.973333333333
"E07000194","Lichfield",-0.481384471468662,46.2,89.0833333333333,-0.501483679525223,1.75,3.51041666666667,-0.509047993705743,10.4,21.1833333333333,-0.458418844554222,49.7,91.7683333333333
"E07000195","Newcastle-under-Lyme",-0.819085805934242,37.6,207.833333333333,-0.858421480878763,1.8125,12.8020833333333,-0.903237296184898,8.15,84.2266666666667,-0.855020185602684,34.565,238.4125
"E07000196","South Staffordshire",-0.668099420669034,59.2,178.366666666667,-0.61,4.875,12.5,-0.503937007874016,21,42.3333333333333,-0.656644401634769,63.57,185.143333333333
"E07000197","Stafford",-0.626914153132251,53.6,143.666666666667,-0.976635514018692,0.3125,13.375,-0.908280922431866,3.5,38.16,-0.652967063411723,54.28,156.411666666667
"E07000198","Staffordshire Moorlands",-0.78355629039531,24,110.883333333333,-0.947750362844702,0.375,7.17708333333333,-0.88147605083089,4.85,40.92,-0.77600709986109,29.025,129.58
"E07000199","Tamworth",-0.278463648834019,52.6,72.9,-0.60377358490566,0.875,2.20833333333333,-0.00836820083681994,15.8,15.9333333333333,-0.188227511692411,58.29,71.8058333333333
"E07000200","Babergh",-0.418577405857741,57.9,99.5833333333333,-0.51304347826087,3.5,7.1875,-0.7,6,20,-0.503153656900022,55.535,111.775
"E07000202","Ipswich",-0.162964945143163,156.4,186.85,-0.26530612244898,10.5,14.2916666666667,-0.161512027491409,48.8,58.2,-0.484880679960771,105.05,203.933333333333
"E07000203","Mid Suffolk",-0.753378378378379,10.95,44.4,-0.73134328358209,0.75,2.79166666666667,-0.85,0.5,3.33333333333333,-0.662479321753515,16.3225,48.36
"E07000207","Elmbridge",-0.522003034901366,42,87.8666666666667,-0.469512195121951,6.34375,11.9583333333333,-0.504251700680272,29.15,58.8,-0.393924439326644,55.265,91.185
"E07000208","Epsom and Ewell",-0.234804072817032,49.6,64.82,-0.356741573033708,7.15625,11.125,-0.281138790035587,20.2,28.1,-0.33014609118622,67.02,100.051666666667
"E07000209","Guildford",-0.619128863910076,63.25,166.066666666667,-0.0229508196721311,4.65625,4.765625,0.0172570390554042,33.6,33.03,-0.627594299609795,65.8525,176.83
"E07000210","Mole Valley",-0.641447368421053,21.8,60.8,-0.528846153846154,6.125,13,-0.481454005934718,11.65,22.4666666666667,-0.635324391410289,26.69,73.1883333333333
"E07000211","Reigate and Banstead",-0.396271086120154,68,112.633333333333,-0.282428702851886,16.25,22.6458333333333,-0.359883029341792,43.05,67.2533333333333,-0.528968258487751,68.93,146.338333333333
"E07000212","Runnymede",-0.589774078478002,23,56.0666666666667,-0.486486486486487,2.375,4.625,-0.135261194029851,15.45,17.8666666666667,-0.623128653581103,26.4325,70.1366666666667
"E07000213","Spelthorne",-0.615676795580111,74.2,193.066666666667,-0.529850746268657,15.75,33.5,-0.580930359085963,51.35,122.533333333333,-0.641685907721207,83.93,234.235833333333
"E07000214","Surrey Heath",-0.794016674840608,28,135.933333333333,0.113636363636364,1.53125,1.375,-0.638095238095238,11.4,31.5,-0.807470306496605,27.435,142.4975
"E07000215","Tandridge",-0.548564593301435,62.9,139.333333333333,-0.476772616136919,13.375,25.5625,-0.286127471602861,45.25,63.3866666666667,-0.411633593733094,90.63,154.036666666667
"E07000216","Waverley",-0.815576893766194,24.2,131.22,-0.441176470588235,1.1875,2.125,-0.732142857142857,5,18.6666666666667,-0.831048257587923,28.055,166.053333333333
"E07000217","Woking",-0.410211267605634,33.5,56.8,-0.142857142857143,1.875,2.1875,0.4609375,18.7,12.8,-0.521611096420587,33.1675,69.3316666666667
"E07000218","North Warwickshire",-0.533927347498287,34,72.95,-0.474103585657371,2.75,5.22916666666667,-0.5,9,18,-0.482260827012479,37.03,71.5225
"E07000219","Nuneaton and Bedworth",-0.448102678571429,98.9,179.2,-0.0868014268727705,8,8.76041666666667,-0.371621621621622,29.45,46.8666666666667,-0.425089465169861,97.73,169.991666666667
"E07000220","Rugby",-0.583860414394766,31.8,76.4166666666667,0.848837209302326,3.3125,1.79166666666667,-0.0582191780821918,13.75,14.6,-0.5135295417282,34.8625,71.6641666666667
"E07000221","Stratford-on-Avon",-0.382201519980387,42,67.9833333333333,-0.864253393665158,0.625,4.60416666666667,-0.577981651376147,9.2,21.8,-0.351993585538305,44.45,68.595
"E07000222","Warwick",-0.343743550938983,63.6,96.9133333333333,-0.32695652173913,8.0625,11.9791666666667,-0.279279279279279,35.2,48.84,-0.353769847316612,70.6825,109.376666666667
"E07000223","Adur",-0.655597722960152,36.3,105.4,0.0598802395209581,5.53125,5.21875,-0.554153094462541,18.25,40.9333333333333,-0.685294257350496,33.1275,105.265
"E07000224","Arun",-0.562631881833877,38,86.8833333333333,-0.4125,2.9375,5,-0.441810344827586,12.95,23.2,-0.576329637538082,39.5175,93.2741666666667
"E07000225","Chichester",-0.31448528188924,68.7,100.216666666667,-0.297423887587822,4.6875,6.671875,-0.157667386609071,26,30.8666666666667,-0.410247520866585,75.1325,127.396666666667
"E07000226","Crawley",-0.528103517994339,77.8,164.866666666667,-0.550722231446123,28.1875,62.7395833333333,-0.601328903654485,56,140.466666666667,-0.621160965744324,75.5525,199.431666666667
"E07000227","Horsham",-0.302713987473904,33.4,47.9,0.477272727272727,2.03125,1.375,-0.050531914893617,11.9,12.5333333333333,-0.434345696291113,33.68,59.5416666666667
"E07000228","Mid Sussex",-0.534633490248823,34.6,74.35,-0.562200956937799,3.8125,8.70833333333333,-0.498493975903614,16.65,33.2,-0.572323056194024,40.47,94.6275
"E07000229","Worthing",-0.65255230125523,34.6,99.5833333333333,0.173076923076923,5.71875,4.875,-0.588453389830509,12.95,31.4666666666667,-0.72515753756665,28.8225,104.869166666667
"E07000234","Bromsgrove",-0.696477641768674,60.75,200.15,-0.423076923076923,7.1875,12.4583333333333,-0.607765451664025,26.4,67.3066666666667,-0.707595560931817,57.8125,197.714166666667
"E07000235","Malvern Hills",-0.748367654445002,8.35,33.1833333333333,-0.95,0.03125,0.625,-1,0,8.90666666666667,-0.748520951487209,10.2725,40.8483333333333
"E07000236","Redditch",-0.488605777857527,38,74.3066666666667,1.47402597402597,3.96875,1.60416666666667,0.112359550561798,19.8,17.8,-0.510608399979182,35.2625,72.05375
"E07000237","Worcester",-0.787770369165718,21.75,102.483333333333,-0.898419864559819,0.46875,4.61458333333333,-0.983016304347826,0.75,44.16,-0.823202902180675,18.235,103.140833333333
"E07000238","Wychavon",-0.545095828635851,26.9,59.1333333333333,-0.602941176470588,0.5625,1.41666666666667,-0.62607861936721,5.2,13.9066666666667,-0.586123422074151,28.21,68.1604166666667
"E07000239","Wyre Forest",-0.435831180017227,26.2,46.44,-0.586206896551724,0.5,1.20833333333333,-0.732142857142857,1.8,6.72,-0.494568831744624,26.6,52.6283333333333
"E07000240","St Albans",-0.383699633699634,67.3,109.2,-0.792039355992844,4.84375,23.2916666666667,-0.631147540983607,21,56.9333333333333,-0.389164793627892,85.38,139.775833333333
"E07000241","Welwyn Hatfield",-0.574384787472036,38.05,89.4,-0.739406779661017,2.5625,9.83333333333333,-0.525396825396825,14.95,31.5,-0.6317292784443,62.7475,170.384166666667
"E07000242","East Hertfordshire",-0.497148859543817,55.85,111.066666666667,-0.554802955665025,7.53125,16.9166666666667,-0.255921052631579,18.85,25.3333333333333,-0.499942376397372,65.085,130.155
"E07000243","Stevenage",-0.483018867924528,54.8,106,-0.495145631067961,3.25,6.4375,-0.440677966101695,19.8,35.4,-0.535207398589873,50.76,109.21
"E07000244","East Suffolk",-0.720557851239669,54.1,193.6,-0.788918205804749,2.5,11.84375,-0.0655546935609,40.15,42.9666666666667,-0.761123931043844,43.995,184.175
"E07000245","West Suffolk",-0.406163141993958,65.52,110.333333333333,-0.53021978021978,5.34375,11.375,-0.827208480565371,3.26,18.8666666666667,-0.259602861322059,92.3775,124.7675
"E08000001","Bolton",-0.488576449912127,174.6,341.4,0.0492518703241896,17.53125,16.7083333333333,-0.194983228817267,92,114.283333333333,-0.476785598974761,175.555,335.531666666667
"E08000002","Bury",-0.485373222312283,116.4,226.183333333333,0.0709677419354839,10.375,9.6875,-0.213356995400384,72.4,92.0366666666667,-0.471360634882171,116.35,220.093333333333
"E08000003","Manchester",-0.439584981156656,602.25,1074.65,-0.241360145513339,93.84375,123.7,-0.311162451361868,396.55,575.68,-0.469986018449568,581.2575,1096.68333333333
"E08000004","Oldham",-0.408595731980301,132.1,223.366666666667,0.00219298245614035,14.28125,14.25,-0.292165397170838,65.05,91.9,-0.414859025837989,134.0675,229.12
"E08000005","Rochdale",-0.485714285714286,146.4,284.666666666667,0.0342105263157894,16.375,15.8333333333333,-0.133760107816711,85.7,98.9333333333333,-0.495744699098625,146.99,291.499166666667
"E08000006","Salford",-0.340398276464423,188.8,286.233333333333,-0.387039660056657,18.03125,29.4166666666667,-0.112301607169679,118.2,133.153333333333,-0.364775667019885,178.84,281.538333333333
"E08000007","Stockport",-0.535548374065845,153.3,330.066666666667,-0.256213676270558,25.0625,33.6958333333333,-0.425544794188862,94.9,165.2,-0.493657747317326,165.86,327.565
"E08000008","Tameside",-0.48806636885769,133.7,261.166666666667,-0.149942987457241,15.53125,18.2708333333333,-0.352941176470588,79.2,122.4,-0.481774020098639,139.75,269.67
"E08000009","Trafford",-0.417103956885548,137,235.033333333333,-0.321799307958477,12.25,18.0625,-0.170231997589635,91.8,110.633333333333,-0.422981023063038,131.33,227.600833333333
"E08000010","Wigan",-0.655049011980706,147.8,428.466666666667,-0.516501650165016,9.15625,18.9375,-0.495278330019881,67.7,134.133333333333,-0.639808086316938,162.91,452.286666666667
"E08000011","Knowsley",-0.402559497081275,177.4,296.933333333333,0.10065851364064,24.375,22.1458333333333,-0.327115716753022,97.4,144.75,-0.420382147301146,168.08,289.984166666667
"E08000012","Liverpool",-0.476929309297144,430.4,822.833333333333,-0.416310093128618,48.3125,82.7708333333333,-0.20402939476509,289.2,363.33,-0.50843099400801,400.8225,815.394166666667
"E08000013","St. Helens",-0.700950923598207,91.2,304.966666666667,-0.33232810615199,11.53125,17.2708333333333,-0.568849405358934,50.15,116.316666666667,-0.665158371040724,98.42,293.93
"E08000014","Sefton",-0.410572049239681,162.8,276.2,-0.353327085285848,14.375,22.2291666666667,-0.271502561344918,85.8,117.776666666667,-0.482922899884925,149.78,289.666666666667
"E08000015","Wirral",-0.534619750283769,82,176.2,-0.505979760809568,11.1875,22.6458333333333,-0.214926783183751,55.4,70.5666666666667,-0.428300628815709,109.3275,191.2325
"E08000016","Barnsley",-0.40574189352411,106.6,179.383333333333,-0.284182305630027,11.125,15.5416666666667,-0.4235368156073,45.8,79.45,-0.448491351560153,107.08,194.158333333333
"E08000017","Doncaster",-0.406526994359388,196.4,330.933333333333,-0.315397082658023,22,32.1354166666667,-0.551391035548686,58.05,129.4,-0.491658942361993,177.78,349.725833333333
"E08000018","Rotherham",-0.580220078793642,103,245.366666666667,-0.46244635193133,15.65625,29.125,-0.532719732982705,46.2,98.87,-0.651756814244406,94.14,270.328333333333
"E08000019","Sheffield",-0.533075746181573,300.1,642.716666666667,-0.551417225797617,34.125,76.0729166666667,-0.46315446526613,148.3,276.243333333333,-0.623383985681382,264.0775,701.185
"E08000021","Newcastle upon Tyne",-0.986457266416297,5.95,439.35,-0.569444444444444,13.5625,31.5,-0.963108582901121,7.35,199.233333333333,-0.828433619250628,120.605,702.9640625
"E08000022","North Tyneside",-0.997551769866367,0.4,163.383333333333,-0.721765145848915,3.875,13.9270833333333,-0.985079398912928,1.4,93.83,-0.831143347206075,48.7,288.4103125
"E08000023","South Tyneside",-0.993630032274503,1,156.986666666667,-0.806671721000758,2.125,10.9916666666667,-0.972200772200772,1.2,43.1666666666667,-0.811439524068876,30.005,159.126666666667
"E08000024","Sunderland",-0.985210801265543,3.35,226.516666666667,-0.71198513471663,7.75,26.9083333333333,-0.959218427892803,4.55,111.57,-0.853736848264745,64.5725,441.481666666667
"E08000025","Birmingham",-0.406255382273361,712.45,1199.92666666667,-0.0423707440100883,118.65625,123.90625,-0.215166782487839,451.75,575.6,-0.474151925271096,708.6,1347.5375
"E08000026","Coventry",-0.462539465824729,209.95,390.633333333333,0.0493273542600896,34.125,32.5208333333333,-0.307929774455038,109.85,158.726666666667,-0.468096143152373,213.625,401.623333333333
"E08000027","Dudley",-0.398675204239346,226.95,377.416666666667,-0.112007746933506,28.65625,32.2708333333333,-0.139525993883792,112.55,130.8,-0.43481815847445,209.0975,369.965
"E08000028","Sandwell",-0.388730843351381,333.05,544.85,0.123503530134043,40.03125,35.6307291666667,-0.127125026899075,162.25,185.88,-0.419501201031998,309.9375,533.915833333333
"E08000029","Solihull",-0.497801066716572,178.9,356.233333333333,-0.137028483448807,35.03125,40.59375,-0.272830598932595,98.1,134.906666666667,-0.511102788218996,180.575,369.351666666667
"E08000030","Walsall",-0.428346611586505,290.6,508.35,0.0641891891891892,29.53125,27.75,-0.140294223179046,119.8,139.35,-0.456341647770219,269.7225,496.125
"E08000031","Wolverhampton",-0.50989780604588,228.6,466.433333333333,-0.389500423370025,22.53125,36.90625,-0.326040672491007,91.8,136.21,-0.514876129053669,219.2675,451.9825
"E08000032","Bradford",-0.513926287445305,192.55,396.133333333333,-0.621278941565601,14.3125,37.7916666666667,-0.208814189450856,136.2,172.146666666667,-0.174111259201893,321.705,389.525833333333
"E08000033","Calderdale",-0.447029288702929,165.2,298.75,-0.68698347107438,9.46875,30.25,-0.33601354210749,78.45,118.15,-0.436217125356674,168.44,298.7675
"E08000034","Kirklees",-0.30989845393834,251.45,364.366666666667,-0.427350427350427,16.75,29.25,-0.279839805478081,100.7,139.83,-0.353244463625324,234.7825,363.015833333333
"E08000035","Leeds",-0.584070121951219,272.85,656,-0.506155303030303,32.59375,66,-0.479051614572203,154.39,296.363333333333,-0.466714402055245,338.875,635.4475
"E08000036","Wakefield",-0.274872448979592,189.5,261.333333333333,-0.471698113207547,15.75,29.8125,-0.231100184388445,83.4,108.466666666667,-0.295915782911101,180.695,256.638333333333
"E08000037","Gateshead",-0.998087192157488,0.6,313.675,-0.77058582548136,7,30.5125,-0.993494683827644,1.55,238.266666666667,-0.833294572672661,77.655,465.821666666667
"E09000001","City of London",-0.264401902636679,417.55,567.633333333333,-0.115178725608703,213.5,241.291666666667,-0.209032103497844,330.15,417.4,-0.405617262270612,451.295,759.266666666667
"E09000002","Barking and Dagenham",0.0763184584178499,283,262.933333333333,0.184424012979989,91.25,77.0416666666667,0.165744157441575,189.55,162.6,0.484413097011522,406.89,274.108333333333
"E09000003","Barnet",-0.16310800459594,582.7,696.266666666667,0.332113787716846,202.53125,152.0375,0.3587643859871,429.75,316.28,-0.075004312145287,741.845,801.998333333333
"E09000004","Bexley",0.24056389267849,272.8,219.9,0.138004246284501,100.5,88.3125,-0.0548076923076923,196.6,208,0.532086706498909,375.66,245.195
"E09000005","Brent",-0.0955587808417997,519.3,574.166666666667,0.0629047178538391,191.5,180.166666666667,0.0246469833119384,399.1,389.5,0.125780742971366,722.77,642.016666666667
"E09000006","Bromley",0.024280706878925,467.55,456.466666666667,0.164946955384392,167,143.354166666667,0.13520197856554,321.3,283.033333333333,0.292075453772773,634.675,491.205833333333
"E09000007","Camden",-0.296191381263935,641.85,911.966666666667,-0.203443187407772,337.375,423.541666666667,-0.211077691680261,515.85,653.866666666667,-0.228431925899008,831.6025,1077.80833333333
"E09000008","Croydon",0.494505494505495,435.2,291.2,0.0406379389664163,141.375,135.854166666667,0.669757759273278,294.1,176.133333333333,0.497639748448107,599.23,400.11625
"E09000009","Ealing",0.0283025301779991,502.6,488.766666666667,0.176991150442478,182.875,155.375,0.168637583225678,392,335.433333333333,0.178702322777178,619.09375,525.233333333333
"E09000010","Enfield",0.138145495665285,402.6,353.733333333333,0.143509573160021,135.625,118.604166666667,0.198045740989875,282,235.383333333333,0.090046773831165,444.73,407.991666666667
"E09000011","Greenwich",0.00848111025443335,436,432.333333333333,0.192515779981966,165.3125,138.625,0.0683721983246547,314.6,294.466666666667,0.186255836713712,599.9825,505.778333333333
"E09000012","Hackney",-0.118738259236068,562.95,638.8,0.0227719528178243,260.125,254.333333333333,-0.03661941580756,448.55,465.6,-0.25982860818821,536.945,725.433333333333
"E09000013","Hammersmith and Fulham",-0.194351828813138,539.65,669.833333333333,-0.0468952734012975,214.25,224.791666666667,-0.0608215420155935,433.65,461.733333333333,-0.191467826909871,583.8175,722.070833333333
"E09000014","Haringey",-0.114974009278408,527.8,596.366666666667,-0.0621562156215622,213.125,227.25,-0.040358040201005,407.4,424.533333333333,-0.196166832174777,539.64,671.333333333333
"E09000015","Harrow",0.0641930928232121,276.3,259.633333333333,0.192382003864201,90,75.4791666666667,0.541676911728547,209,135.566666666667,0.658967334621963,397.66,239.703333333333
"E09000016","Havering",-0.175269299820467,245,297.066666666667,0.00333418825339825,81.5,81.2291666666667,-0.0804081632653062,150.2,163.333333333333,0.0936593419552654,347.77,317.9875
"E09000017","Hillingdon",-0.175072427650229,441.35,535.016666666667,0.0177664974619289,162.90625,160.0625,-0.0503442340791737,331.05,348.6,0.197613060147586,532.5925,444.711666666667
"E09000018","Hounslow",-0.223321643286573,413.4,532.266666666667,-0.0200561834454824,156.25,159.447916666667,-0.147317854283427,319.5,374.7,0.00444281286371585,601.945,599.2825
"E09000019","Islington",-0.135095979717494,557.2,644.233333333333,-0.0769230769230769,245.25,265.6875,-0.0628161888701518,444.6,474.4,-0.156996140582264,649.8225,770.841666666667
"E09000020","Kensington and Chelsea",-0.302554027504912,426,610.8,-0.135283840117705,195.90625,226.555555555556,-0.210386348526261,356.3,451.233333333333,-0.385487787775227,416.2675,677.395
"E09000021","Kingston upon Thames",-0.051995014387493,256.7,270.779166666667,0.0289256198347108,88.1875,85.7083333333333,-0.164664981036662,176.2,210.933333333333,0.868940434217851,419.655,224.541666666667
"E09000022","Lambeth",-0.070268629534072,816.8,878.533333333333,0.0397694889494015,342.0625,328.979166666667,0.0102206799327658,621.05,614.766666666667,-0.0835952511439644,925.245,1009.64666666667
"E09000023","Lewisham",-0.0288486086290528,507.2,522.266666666667,0.134949679780421,206.75,182.166666666667,0.0812331442388169,387.55,358.433333333333,0.0993055240343154,605.47,550.775
"E09000024","Merton",-0.0529624690417223,331.4,349.933333333333,0.0462946020128087,119.125,113.854166666667,0.0456171735241503,233.8,223.6,0.349530797093457,509.81,377.768333333333
"E09000025","Newham",0.103592923581981,403.4,365.533333333333,0.158585999720553,172.75,149.104166666667,0.134447300771208,294.2,259.333333333333,0.170967406965123,451.0625,385.205
"E09000026","Redbridge",-0.0416554689599569,356.6,372.1,-0.0214894061404935,117.125,119.697222222222,0.00261960568040819,242.4,241.766666666667,0.81822733618988,472.08,259.6375
"E09000027","Richmond upon Thames",-0.224258970358814,265.2,341.866666666667,0.047005795235029,101.625,97.0625,-0.173866090712743,204,246.933333333333,0.00723670583612898,393.08,390.255833333333
"E09000028","Southwark",-0.0928408191966249,688.05,758.466666666667,-0.0052354181307097,294.90625,296.458333333333,-0.0103757711721816,529.35,534.9,-0.157790606179826,742.11,881.146666666667
"E09000029","Sutton",-0.183633841886269,196.2,240.333333333333,-0.0240257500862168,61.90625,63.4302083333333,-0.073109664496745,123.4,133.133333333333,0.53251487052132,286.95,187.24125
"E09000030","Tower Hamlets",-0.261491317671093,337.4,456.866666666667,-0.0458911419423693,167.625,175.6875,-0.23335614429563,261.4,340.966666666667,-0.422026785714286,323.665,560
"E09000031","Waltham Forest",-0.0756318734323751,319.4,345.533333333333,0.0165745856353591,126.5,124.4375,0.0318716094032549,228.25,221.2,0.654029194161167,413.59,250.05
"E09000032","Wandsworth",-0.0312149831919319,605.2,624.7,0.0559083379348426,239.03125,226.375,0.0729190292583354,473.05,440.9,-0.0218833062980132,692.43,707.921666666667
"E09000033","Westminster",-0.381036190797378,978.85,1581.43333333333,-0.220518125393541,541.59375,694.8125,-0.342260926717056,800.6,1217.2,-0.46124363451219,984.0825,1826.58166666667
"S12000005","Clackmannanshire",-0.790463398253862,20.8,99.2666666666667,-0.830645161290323,0.875,5.16666666666667,-0.704433497536946,8,27.0666666666667,-0.752501817463808,22.98,92.8491666666667
"S12000006","Dumfries and Galloway",0.171812080536913,101.85,86.9166666666667,-0.345238095238095,6.875,10.5,-0.0947476828012359,29.3,32.3666666666667,0.296619884789837,113.81,87.774375
"S12000008","East Ayrshire",-0.691631480584204,74.25,240.783333333333,-0.652501713502399,5.28125,15.1979166666667,-0.68095298926929,33.3,104.373333333333,-0.713916816594349,67.58,236.225
"S12000010","East Lothian",-0.637752122546157,67.2,185.508333333333,-0.391725680208722,17,27.9479166666667,-0.49286092014807,47.95,94.55,-0.652439675316203,73.255,210.769166666667
"S12000011","East Renfrewshire",-0.901560682435052,33.85,343.866666666667,-0.88,3.8125,31.7708333333333,-0.88786977155925,15.2,135.556666666667,-0.929933041742063,27.46,391.910833333333
"S12000013","Na h-Eileanan Siar",0.149532710280374,16.4,14.2666666666667,-0.0804597701149426,1,1.0875,,0,0,-0.156977991333819,32.75,38.8483333333333
"S12000014","Falkirk",-0.785806849737735,57.85,270.083333333333,-0.764577656675749,4.5,19.1145833333333,-0.716958211856171,34.95,123.48,-0.782466037301405,56.685,260.58
"S12000017","Highland",-0.527598355842631,80.45,170.3,-0.294273127753304,8.34375,11.8229166666667,-0.48677080012751,32.2,62.74,-0.425467076564524,124.9025,217.398333333333
"S12000018","Inverclyde",-0.639876880984952,70.2,194.933333333333,0.103448275862069,4,3.625,-0.618563254926891,24,62.92,-0.63449866949808,69.7075,190.7175
"S12000019","Midlothian",-0.752192213258506,70.65,285.1,-0.392752562225476,17.28125,28.4583333333333,-0.621632653061225,46.35,122.5,-0.745037834055023,72.865,285.7875
"S12000020","Moray",-0.659003831417625,17.8,52.2,-0.642857142857143,2.5,7,-0.765353418308227,5.4,23.0133333333333,-0.700469465427639,19.38,64.70125
"S12000021","North Ayrshire",-0.613480641248402,78.6,203.353333333333,-0.657142857142857,3.375,9.84375,-0.620348462034846,35.3,92.98,-0.687190035260729,72.745,232.553333333333
"S12000023","Orkney Islands",-0.25,3.6,4.8,2,0.375,0.125,0.0294117647058824,1.75,1.7,-0.417494089834515,6.16,10.575
"S12000026","Scottish Borders",-0.744455311228192,40.5,158.485,-0.76418152350081,3.03125,12.8541666666667,-0.760956175298805,16.6,69.4433333333333,-0.655134944317887,52.1025,151.080833333333
"S12000027","Shetland Islands",0.257142857142857,8.8,7,2.42857142857143,0.75,0.21875,5,4,0.666666666666667,0.0907474481396115,13.8025,12.6541666666667
"S12000028","South Ayrshire",-0.774307692307692,48.9,216.666666666667,-0.654427645788337,5,14.46875,-0.684640522875817,28.95,91.8,-0.804915539447285,40.19,206.013333333333
"S12000029","South Lanarkshire",-0.839196872778962,90.5,562.8,-0.838957859765693,9.59375,59.5729166666667,-0.842692450725177,35.25,224.083333333333,-0.855924174773463,82.1225,569.995
"S12000030","Stirling",-0.810305167919031,61.85,326.05,-0.42713567839196,7.125,12.4375,-0.742737136856843,31.85,123.803333333333,-0.784302910595163,72.3475,335.4125
"S12000033","Aberdeen City",-0.705515177426251,86.1,292.375,-0.696296296296296,11.53125,37.96875,-0.712029384756657,39.2,136.125,-0.738640178841949,79.7925,305.2975
"S12000034","Aberdeenshire",-0.529673384294649,84.6,179.875,-0.611992945326279,6.875,17.71875,-0.545425195325111,35.2,77.435,-0.512334352701325,89.7,183.9375
"S12000035","Argyll and Bute",-0.369672306703791,49.05,77.8166666666667,-0.2,2,2.5,-0.423486281929991,16.25,28.1866666666667,-0.360846663122795,66.13,103.465
"S12000036","City of Edinburgh",-0.594156772993849,378.3,932.133333333333,-0.224954820460438,102.75,132.572916666667,-0.434673855285838,290.8,514.393333333333,-0.645039874438599,381.0775,1073.57833333333
"S12000038","Renfrewshire",-0.786588745024938,141.2,661.633333333333,-0.698919197117859,9.75,32.3833333333333,-0.744341361699556,56.4,220.606666666667,-0.825716048049011,125.03,717.3925
"S12000039","West Dunbartonshire",-0.836471891442814,59.05,361.1,-0.902302631578947,3.09375,31.6666666666667,-0.873233857123993,19.2,151.46,-0.873954309756492,44.7875,355.3275
"S12000040","West Lothian",-0.700180458881155,58.15,193.95,-0.498257839721254,9,17.9375,-0.72319015787228,25.95,93.7466666666667,-0.723315843659683,55.765,201.5475
"S12000041","Angus",-0.621648479048968,51.4,135.8525,-0.179856115107914,4.75,5.79166666666667,-0.669181223528232,22,66.5016666666667,-0.413783444765141,60.17,102.64125
"S12000042","Dundee City",-0.597300476750666,108.4,269.183333333333,-0.134823359769286,15,17.3375,-0.564942811030805,62,142.51,-0.325709990873464,125.6,186.27
"S12000045","East Dunbartonshire",-0.900316694314583,33.05,331.55,-0.92490494296578,2.46875,32.875,-0.927926982794797,11.45,158.866666666667,-0.911594027685426,29.25,330.86
"S12000047","Fife",-0.54837483368181,198,438.416666666667,-0.197898423817863,28.625,35.6875,-0.425040300913487,107,186.1,-0.413340647841569,250.4175,426.853333333333
"S12000048","Perth and Kinross",-0.510930930285075,75.8,154.988333333333,-0.528255528255528,6,12.71875,-0.441105769230769,38.75,69.3333333333333,-0.515526741850979,87.1525,179.89125
"S12000049","Glasgow City",-0.8469048979009,285.9,1867.46666666667,-0.834787137091525,26.4375,160.020833333333,-0.87503269753792,116.25,930.243333333333,-0.883595831722826,226.8725,1949.00666666667
"S12000050","North Lanarkshire",-0.81529025816574,129.5,701.1,-0.630304678998912,14.15625,38.2916666666667,-0.749026448656683,68.1,271.343333333333,-0.818208939321293,127.965,703.9125
"W06000001","Isle of Anglesey",-0.690740185795625,17.2,55.6166666666667,-0.610079575596817,1.53125,3.92708333333333,-0.609756097560976,4.8,12.3,-0.62986272631915,20.29,54.8175
"W06000002","Gwynedd",-0.526011560693642,73.8,155.7,-0.419471153846154,5.03125,8.66666666666667,-0.0129449838187701,36.6,37.08,-0.498172476451054,80.09,159.596666666667
"W06000003","Conwy",-0.592779783393502,37.6,92.3333333333333,0.0194986072423398,3.8125,3.73958333333333,-0.42101226993865,15.1,26.08,-0.637716728683398,34.32,94.7325
"W06000004","Denbighshire",-0.598876404494382,47.6,118.666666666667,0.188311688311688,5.71875,4.8125,-0.422226899600084,18.3,31.6733333333333,-0.638336560960431,43.3425,119.842083333333
"W06000005","Flintshire",-0.572331864341828,74.4,173.966666666667,0.637426900584795,7.875,4.809375,-0.513143776824034,24.2,49.7066666666667,-0.552614760475714,80.5025,179.94
"W06000006","Wrexham",-0.441167709264224,93.8,167.85,0.139841688654354,6.75,5.921875,0.190015479876161,41,34.4533333333333,-0.531065727024306,81.5125,173.825
"W06000008","Ceredigion",-0.737261146496815,16.5,62.8,-0.625,1.15625,3.08333333333333,-0.86561433447099,1.05,7.81333333333333,-0.651161870076402,22.03,63.1525
"W06000009","Pembrokeshire",-0.697072072072072,13.45,44.4,-0.985981308411215,0.0625,4.45833333333333,-0.78448275862069,1.75,8.12,-0.655675889736394,16.665,48.3991666666667
"W06000010","Carmarthenshire",-0.716587817859255,31.95,112.733333333333,-0.739304812834225,2.03125,7.79166666666667,-0.599424815119145,6.5,16.2266666666667,-0.748554785102828,28.345,112.728333333333
"W06000011","Swansea",-0.714355756030594,97.1,339.933333333333,-0.66147859922179,6.34375,18.7395833333333,-0.751451187335092,23.55,94.75,-0.764812295936659,71.6125,304.490833333333
"W06000012","Neath Port Talbot",-0.778532712420796,48.35,218.316666666667,-0.747516072472239,4.5,17.8229166666667,-0.831304577930669,8.5,50.3866666666667,-0.459348263930729,104.69,193.636666666667
"W06000013","Bridgend",-0.825962250185048,31.35,180.133333333333,-0.860372340425532,2.1875,15.6666666666667,-0.821428571428571,9.75,54.6,-0.857701962574167,20.785,146.066666666667
"W06000014","Vale of Glamorgan",-0.538534428300695,48.7,105.533333333333,0.105623100303951,6.0625,5.48333333333333,-0.329485834207765,21.3,31.7666666666667,-0.462465040760985,52.695,98.0308333333333
"W06000015","Cardiff",-0.564205635049417,196.95,451.933333333333,-0.444480414373584,17.875,32.1770833333333,-0.331288960386085,110.85,165.766666666667,-0.482624658299579,216.0775,417.641666666667
"W06000016","Rhondda Cynon Taf",-0.54809497515185,136.4,301.833333333333,-0.248768472906404,9.53125,12.6875,-0.00495049504950493,26.8,26.9333333333333,-0.552843296081716,122.1375,273.1425
"W06000018","Caerphilly",-0.542508163018503,126.1,275.633333333333,-0.185279187817259,6.6875,8.20833333333333,-0.116840731070496,22.55,25.5333333333333,-0.43062079799906,137.725,241.88625
"W06000019","Blaenau Gwent",-0.84526558891455,20.1,129.9,-0.807692307692308,1.40625,7.3125,-0.702054794520548,2.9,9.73333333333333,-0.798642835642901,22.02,109.357916666667
"W06000020","Torfaen",-0.516254876462939,74.4,153.8,0.36551724137931,4.125,3.02083333333333,0.93939393939394,12.8,6.6,-0.521856356826528,65.32,136.611666666667
"W06000021","Monmouthshire",-0.787436737124144,35.7,167.95,-0.972924187725632,0.3125,11.5416666666667,-0.788793103448276,4.9,23.2,-0.732688100834315,41.0375,153.519166666667
"W06000022","Newport",-0.742069241145027,86.05,333.616666666667,-0.620537681798149,8.96875,23.6354166666667,-0.623191318327974,31.25,82.9333333333333,-0.69629958597768,88.33,290.845833333333
"W06000023","Powys",-0.553046342037168,47.5,106.275,-0.127450980392157,2.78125,3.1875,-0.274581709832684,10.55,14.5433333333333,-0.548393191135629,59.76,132.3275
"W06000024","Merthyr Tydfil",-0.731240428790199,46.8,174.133333333333,-0.414634146341463,2.75,4.69791666666667,0.319066147859922,11.3,8.56666666666667,-0.719061599375118,43.46,154.695833333333
